,count,mean,std,min,25%,50%,75%,max
case_positive_specimen_interval,26319.0,0.1663057107032942,2.1317559213389505,-105.0,0.0,0.0,0.0,73.0
case_onset_interval,21287.0,-0.04458119979330107,1.8077876109469162,-107.0,0.0,0.0,0.0,59.0
